EVENTID,EVENT,DATE,OFFICIALRESULTS,VIDEOURL,GAMEID,GAME,GOAL,KEY,RUNNER1,RUNNER1TIME,RUNNER2,RUNNER2TIME,RUNNER3,RUNNER3TIME,RUNNER4,RUNNER4TIME,RUNNER5,RUNNER5TIME,RUNNER6,RUNNER6TIME,RUNNER7,RUNNER7TIME,RUNNER8,RUNNER8TIMR,RUNNER9,RUNNER9TIME,RUNNER10,RUNNER10TIME,RUNNER11,RUNNER11TIME,RUNNER12,RUNNER12TIME,RUNNER13,RUNNER13TIME,RUNNER14,RUNNER14TIME,RUNNER15,RUNNER15TIME,RUNNER16,RUNNER16TIME,RUNNER17,RUNNER17TIME,RUNNER18,RUNNER18TIME,RUNNER19,RUNNER19TIME,RUNNER20,RUNNER20TIME,RUNNER21,RUNNER21TIME
1,SEGA 16,10/19/2020,https://www.speedrunslive.com/races/result/280714,https://www.youtube.com/watch?v=Hd-lH-KpgDw,1,Golden Axe,Beat the Game,1_1,shadaxu,2:53:42,Shimegabriel,2:58:45,JkL0ser,3:07:38,GnarBlast,3:15:05,Paulsaltine,3:52:58,Cypherin,4:03:01,Bruzzi,4:58:10,radioactive_man_from_mars,5:14:35,z_tox,5:39:31,YourFace,6:22:53,infinitemystery,19:12:09,beadle111,69:44:32,Faust4712,DNF,,,,,,,,,,,,,,,,
1,,,,,2,Kid Chameleon,Beat Sinister Sewers,1_2,,,,,,,,,,,,,,,,,,,,,,,,,,,,,,,,,,,,,,,,,,
1,,,,,3,Pulseman,Beat 3 Stages,1_3,,,,,,,,,,,,,,,,,,,,,,,,,,,,,,,,,,,,,,,,,,
1,,,,,4,Fire Shark,Beat Stage 5 (Easy),1_4,,,,,,,,,,,,,,,,,,,,,,,,,,,,,,,,,,,,,,,,,,
1,,,,,5,Beavis and Butthead,Collect Hospital Ticket,1_5,,,,,,,,,,,,,,,,,,,,,,,,,,,,,,,,,,,,,,,,,,
1,,,,,6,High Seas Havoc,Beat the Game,1_6,,,,,,,,,,,,,,,,,,,,,,,,,,,,,,,,,,,,,,,,,,
1,,,,,7,The Great Circus Mystery Starring Mickey and Minnie Mouse,Beat the Haunted House (Normal),1_7,,,,,,,,,,,,,,,,,,,,,,,,,,,,,,,,,,,,,,,,,,
1,,,,,8,Rocket Knight Adventures,Beat Stage 3 (Easy),1_8,,,,,,,,,,,,,,,,,,,,,,,,,,,,,,,,,,,,,,,,,,
1,,,,,9,OutRun,Beat the Game,1_9,,,,,,,,,,,,,,,,,,,,,,,,,,,,,,,,,,,,,,,,,,
1,,,,,10,Dr. Robutnik's Mean Bean Machine,Beat Humpty (Stage 3),1_10,,,,,,,,,,,,,,,,,,,,,,,,,,,,,,,,,,,,,,,,,,
1,,,,,11,Mystical Fighter,Beat Stage 3,1_11,,,,,,,,,,,,,,,,,,,,,,,,,,,,,,,,,,,,,,,,,,
1,,,,,12,Gain Ground,Beat Round 2,1_12,,,,,,,,,,,,,,,,,,,,,,,,,,,,,,,,,,,,,,,,,,
1,,,,,13,X-Men 2: Clone Wars,Beat Magneto (Stage 3),1_13,,,,,,,,,,,,,,,,,,,,,,,,,,,,,,,,,,,,,,,,,,
1,,,,,14,Beyond Oasis,Find Efreet,1_14,,,,,,,,,,,,,,,,,,,,,,,,,,,,,,,,,,,,,,,,,,
1,,,,,15,Mega Man: The Wily Wars (Mega Man 3),Beat the Robot Masters,1_15,,,,,,,,,,,,,,,,,,,,,,,,,,,,,,,,,,,,,,,,,,
1,,,,,16,Shadow Dancer: The Secret of Shinobi,Beat the Game,1_16,,,,,,,,,,,,,,,,,,,,,,,,,,,,,,,,,,,,,,,,,,
2,Mega 16 #6,1/16/2021,https://www.speedrunslive.com/races/result/282903,https://www.youtube.com/watch?v=fNa3joozAns,1,Jurassic Park,Beat the Game (any% Raptor),2_1,JkL0ser,2:45:59,StJoe,2:48:22,GnarBlast,3:13:49,Makin81,DNF,Shimegabriel,DNF,,,,,,,,,,,,,,,,,,,,,,,,,,,,,,,,
2,,,,,2,Golden Axe III,Beat Stage 3,2_2,,,,,,,,,,,,,,,,,,,,,,,,,,,,,,,,,,,,,,,,,,
2,,,,,3,Rambo III,Beat the Game,2_3,,,,,,,,,,,,,,,,,,,,,,,,,,,,,,,,,,,,,,,,,,
2,,,,,4,Osomatsu-Kun Hachamecha Gekijou,Beat Stage 1,2_4,,,,,,,,,,,,,,,,,,,,,,,,,,,,,,,,,,,,,,,,,,
2,,,,,5,Road Rash II,Complete 1st Circuit,2_5,,,,,,,,,,,,,,,,,,,,,,,,,,,,,,,,,,,,,,,,,,
2,,,,,6,New Zealand Story,Beat the Whale (Round 1-4),2_6,,,,,,,,,,,,,,,,,,,,,,,,,,,,,,,,,,,,,,,,,,
2,,,,,7,Spider-Man,Beat the Game (Easy),2_7,,,,,,,,,,,,,,,,,,,,,,,,,,,,,,,,,,,,,,,,,,
2,,,,,8,Double Dragon II: The Revenge,Beat Mission 2,2_8,,,,,,,,,,,,,,,,,,,,,,,,,,,,,,,,,,,,,,,,,,
2,,,,,9,Daze Before Christmas,Beat Louis the Mouse (Easy),2_9,,,,,,,,,,,,,,,,,,,,,,,,,,,,,,,,,,,,,,,,,,
2,,,,,10,Battle Golfer Yui,Complete Hole 9,2_10,,,,,,,,,,,,,,,,,,,,,,,,,,,,,,,,,,,,,,,,,,
2,,,,,11,Earthworm Jim 2,Beat Flying King (Easy),2_11,,,,,,,,,,,,,,,,,,,,,,,,,,,,,,,,,,,,,,,,,,
2,,,,,12,Pepenga Pengo,Beat World 2 (Dyna World),2_12,,,,,,,,,,,,,,,,,,,,,,,,,,,,,,,,,,,,,,,,,,
2,,,,,13,Chiki Chiki Boys,Beat Round 4 Stage 3,2_13,,,,,,,,,,,,,,,,,,,,,,,,,,,,,,,,,,,,,,,,,,
2,,,,,14,Bishoujo Senshi Sailor Moon,Beat Stage 3 (Easy),2_14,,,,,,,,,,,,,,,,,,,,,,,,,,,,,,,,,,,,,,,,,,
2,,,,,15,The Ren & Stimpy Show Presents Stimpy's Invention,Beat the Game,2_15,,,,,,,,,,,,,,,,,,,,,,,,,,,,,,,,,,,,,,,,,,
2,,,,,16,Magical Taruruto-Kun,Beat the Game,2_16,,,,,,,,,,,,,,,,,,,,,,,,,,,,,,,,,,,,,,,,,,
3,Master 8 #1,4/24/2021,https://racetime.gg/misc/artful-midna-4255,https://www.youtube.com/watch?v=QTSXGCLCs00,1,Castle of Illusion Starring Mickey Mouse,Collect 5 Gems,3_1,JkL0ser,1:17:31,sauloandrade_,1:21:06,GnarBlast,1:21:43,Paulsaltine,1:34:15,GrandCoune,1:40:45,btrim,1:44:30,YourFace,1:50:42,Emsemts,2:12:15,z_tox,2:24:37,FedePG,3:36:27,Brotherkyle88,DNF,Shannaberryblast,DNF,,,,,,,,,,,,,,,,,,
3,,,,,2,Psycho Fox,Beat Stage 3-3 (Warpless),3_2,,,,,,,,,,,,,,,,,,,,,,,,,,,,,,,,,,,,,,,,,,
3,,,,,3,Master of Darkness,Beat Round 3,3_3,,,,,,,,,,,,,,,,,,,,,,,,,,,,,,,,,,,,,,,,,,
3,,,,,4,Batman Returns,Beat Stage 3 (Glitchless),3_4,,,,,,,,,,,,,,,,,,,,,,,,,,,,,,,,,,,,,,,,,,
3,,,,,5,Outrun,Beat the Game,3_5,,,,,,,,,,,,,,,,,,,,,,,,,,,,,,,,,,,,,,,,,,
3,,,,,6,Psychic World,Beat World 4,3_6,,,,,,,,,,,,,,,,,,,,,,,,,,,,,,,,,,,,,,,,,,
3,,,,,7,Alf,Book%,3_7,,,,,,,,,,,,,,,,,,,,,,,,,,,,,,,,,,,,,,,,,,
3,,,,,8,Alex Kidd in Shinobi World,Beat the Game,3_8,,,,,,,,,,,,,,,,,,,,,,,,,,,,,,,,,,,,,,,,,,
4,Shinobi III Monthly Race #2,5/30/2021,https://racetime.gg/shinobi3/virtual-clip-0525,,1,Shinobi III: Return of the Ninja Master,Any%,4_1,BaconOmelette,0:26:13,Bluslider_,0:33:01,Faust4712,0:34:58,Cypherin,0:43:15,,,,,,,,,,,,,,,,,,,,,,,,,,,,,,,,,,
5,Shinobi III Monthly Race #3,6/26/2021,https://racetime.gg/shinobi3/tactical-goomba-2563,,1,Shinobi III: Return of the Ninja Master,Any%,5_1,BaconOmelette,0:26:59,Bluslider_,0:27:07,IcKYY,0:28:53,Faust4712,0:37:11,wrongnote85,0:59:07,,,,,,,,,,,,,,,,,,,,,,,,,,,,,,,,
6,Shinobi III Monthly Race #4,7/31/2021,https://racetime.gg/shinobi3/neutral-zip-8389,,1,Shinobi III: Return of the Ninja Master,Any%,6_1,BaconOmelette,0:25:45,Bluslider_,0:27:20,Faust4712,0:35:24,wrongnote85,0:41:46,,,,,,,,,,,,,,,,,,,,,,,,,,,,,,,,,,
7,Shinobi III Monthly Race #5,8/28/2021,https://racetime.gg/shinobi3/virtual-banjo-9221,,1,Shinobi III: Return of the Ninja Master,Any%,7_1,BaconOmelette,0:27:11,Faust4712,0:33:09,ZeeGee_,0:37:19,Boostershane,0:37:48,,,,,,,,,,,,,,,,,,,,,,,,,,,,,,,,,,
8,5g Game Gear,9/4/2021,https://racetime.gg/misc/sunken-tatl-7285,https://www.youtube.com/watch?v=aQskjvio0Mw,1,Sonic Drift 2,Purple GP,8_1,Oopla,0:46:07,JkL0ser,0:49:19,GnarBlast,0:55:19,Grumpmeister,0:58:47,Emsemts,1:03:52,Random64,1:35:48,,,,,,,,,,,,,,,,,,,,,,,,,,,,,,
8,,,,,2,X-Men Mojo World,Beat the Game,8_2,,,,,,,,,,,,,,,,,,,,,,,,,,,,,,,,,,,,,,,,,,
8,,,,,3,Shining Force: The Sword of Hajya,Beat Iom Knight,8_3,,,,,,,,,,,,,,,,,,,,,,,,,,,,,,,,,,,,,,,,,,
8,,,,,4,The Incredible Crash Test Dummies,Beat the Game (Easy),8_4,,,,,,,,,,,,,,,,,,,,,,,,,,,,,,,,,,,,,,,,,,
8,,,,,5,Ninja Gaiden,Beat the Game,8_5,,,,,,,,,,,,,,,,,,,,,,,,,,,,,,,,,,,,,,,,,,
9,Sega 8 ,10/16/2021,https://racetime.gg/misc/overpowered-simon-5267,https://www.youtube.com/watch?v=t0aaa6pZbcY,1,Castlevania: Bloodlines,Beat Stage 4 (Normal),9_1,GnarBlast,1:17:00,Smartalec24,1:21:14,radioactive_man_from_mars,1:51:15,z_tox,2:12:58,Emsemts,2:26:30,FedePG,9:58:11,,,,,,,,,,,,,,,,,,,,,,,,,,,,,,
9,,,,,2,Gadget Twins,Get 5000 Points,9_2,,,,,,,,,,,,,,,,,,,,,,,,,,,,,,,,,,,,,,,,,,
9,,,,,3,Demolition Man,Beat the Game (Calm),9_3,,,,,,,,,,,,,,,,,,,,,,,,,,,,,,,,,,,,,,,,,,
9,,,,,4,Cutie Sazuki No Ringside Angel,Beat Strawberry,9_4,,,,,,,,,,,,,,,,,,,,,,,,,,,,,,,,,,,,,,,,,,
9,,,,,5,Scooby-Doo Mystery,Bear Scratch%,9_5,,,,,,,,,,,,,,,,,,,,,,,,,,,,,,,,,,,,,,,,,,
9,,,,,6,Fatal Labrynth,Reach Floor 11,9_6,,,,,,,,,,,,,,,,,,,,,,,,,,,,,,,,,,,,,,,,,,
9,,,,,7,Gargoyles,Beat Subterranean (Easy),9_7,,,,,,,,,,,,,,,,,,,,,,,,,,,,,,,,,,,,,,,,,,
9,,,,,8,Ecco Jr.,Beat the Game (Easy),9_8,,,,,,,,,,,,,,,,,,,,,,,,,,,,,,,,,,,,,,,,,,
10,Master 8 #2,4/23/2022,https://racetime.gg/misc/funky-crusher-2878,https://www.youtube.com/watch?v=NzCYlv_bQhs,1,Wonder Boy III: The Dragon's Trap,Purchase Dragon Mail,10_1,GnarBlast,1:22:33,Quarbit85,1:24:49,sauloandrade_,1:34:14,radioactive_man_from_mars,1:54:25,Sacrieon,2:07:38,Emsemts,2:16:34,BrotherKyle88,5:19:07,FedePG,9:47:29,,,,,,,,,,,,,,,,,,,,,,,,,,
10,,,,,2,Dynamite Dux,Beat the Game,10_2,,,,,,,,,,,,,,,,,,,,,,,,,,,,,,,,,,,,,,,,,,
10,,,,,3,Klax,Clear 10 Waves,10_3,,,,,,,,,,,,,,,,,,,,,,,,,,,,,,,,,,,,,,,,,,
10,,,,,4,Tom & Jerry: The Movie,Beat the Game,10_4,,,,,,,,,,,,,,,,,,,,,,,,,,,,,,,,,,,,,,,,,,
10,,,,,5,Line of Fire,"Score Attack: 500,000 Points",10_5,,,,,,,,,,,,,,,,,,,,,,,,,,,,,,,,,,,,,,,,,,
10,,,,,6,Ninja Gaiden,"Beat 3-4, Pacifist",10_6,,,,,,,,,,,,,,,,,,,,,,,,,,,,,,,,,,,,,,,,,,
10,,,,,7,Golden Axe Warrior,Collect 3 Crystals,10_7,,,,,,,,,,,,,,,,,,,,,,,,,,,,,,,,,,,,,,,,,,
10,,,,,8,The Lucky Dime Caper Starring Donald Duck,Beat the Game,10_8,,,,,,,,,,,,,,,,,,,,,,,,,,,,,,,,,,,,,,,,,,
11,Shinobi III Monthly Race #7,6/22/2022,,,1,Shinobi III: Return of the Ninja Master,Any%,11_1,keaur,0:27:49,Baconomelette,0:28:44,IcKYY,0:28:55,Faust4712,0:29:40,,,,,,,,,,,,,,,,,,,,,,,,,,,,,,,,,,
12,5G Game Gear,7/16/2022,https://racetime.gg/misc/virtual-cutscene-1539,https://www.youtube.com/watch?v=aQskjvio0Mw,1,Disney's Aladdin,Beat the Game,12_1,JkL0ser,1:05:47,GnarBlast,1:14:12,Emsemts,1:34:55,z_tox,2:17:08,Random64,3:04:18,TheMotherBrain86,3:31:25,infinitemystery,3:51:31,FedePG,4:54:59,,,,,,,,,,,,,,,,,,,,,,,,,,
12,,,,,2,T2: The Arcade Game,Score Attack: 1 million,12_2,,,,,,,,,,,,,,,,,,,,,,,,,,,,,,,,,,,,,,,,,,
12,,,,,3,Road Rash,Purchase the PANDA 600,12_3,,,,,,,,,,,,,,,,,,,,,,,,,,,,,,,,,,,,,,,,,,
12,,,,,4,Ax Battler,Pick Up Fruit,12_4,,,,,,,,,,,,,,,,,,,,,,,,,,,,,,,,,,,,,,,,,,
12,,,,,5,Mega Man,Beat the Game,12_5,,,,,,,,,,,,,,,,,,,,,,,,,,,,,,,,,,,,,,,,,,
13,Mega 16 #7,8/13/2022,https://racetime.gg/misc/cunning-checkpoint-5268,https://www.youtube.com/watch?v=_8xZX1RWx0g,1,Blades of Vengeance,Beat the Game,13_1,JkL0ser,2:41:42,intermittent_du_speedrun,2:53:35,GnarBlast,2:54:58,FedePG,11:51:00,Random64,DNF,Schaaa,DNF,,,,,,,,,,,,,,,,,,,,,,,,,,,,,,
13,,,,,2,Space Harrier II,Beat Stages 1&2 (Easy,13_2,,,,,,,,,,,,,,,,,,,,,,,,,,,,,,,,,,,,,,,,,,
13,,,,,3,NBA Jam,Single Game Victory,13_3,,,,,,,,,,,,,,,,,,,,,,,,,,,,,,,,,,,,,,,,,,
13,,,,,4,Berenstain Bears Camping Adventure,Beat the Game (Easy),13_4,,,,,,,,,,,,,,,,,,,,,,,,,,,,,,,,,,,,,,,,,,
13,,,,,5,Trampoline Terror,Beat Stage 16,13_5,,,,,,,,,,,,,,,,,,,,,,,,,,,,,,,,,,,,,,,,,,
13,,,,,6,Mighty Morphin Power Rangers,Beat 1 Player Scenario Mode,13_6,,,,,,,,,,,,,,,,,,,,,,,,,,,,,,,,,,,,,,,,,,
13,,,,,7,Micro Machines,Beat Cue Ball Circuit & Qualify,13_7,,,,,,,,,,,,,,,,,,,,,,,,,,,,,,,,,,,,,,,,,,
13,,,,,8,Vectorman 2,Scene 8 Orbot Express Appears on Screen,13_8,,,,,,,,,,,,,,,,,,,,,,,,,,,,,,,,,,,,,,,,,,
13,,,,,9,Dick Tracy,Beat The Brow & Bonus Stage,13_9,,,,,,,,,,,,,,,,,,,,,,,,,,,,,,,,,,,,,,,,,,
13,,,,,10,Ariel: The Little Mermaid,Beat the Game,13_10,,,,,,,,,,,,,,,,,,,,,,,,,,,,,,,,,,,,,,,,,,
13,,,,,11,Generations Lost,Beat the Game (Amateur),13_11,,,,,,,,,,,,,,,,,,,,,,,,,,,,,,,,,,,,,,,,,,
13,,,,,12,Taz-Mania,Beat the Game,13_12,,,,,,,,,,,,,,,,,,,,,,,,,,,,,,,,,,,,,,,,,,
13,,,,,13,Shadow of the Beast II,Beat the Game (Easy),13_13,,,,,,,,,,,,,,,,,,,,,,,,,,,,,,,,,,,,,,,,,,
13,,,,,14,Cadash,Reach Gnome Village,13_14,,,,,,,,,,,,,,,,,,,,,,,,,,,,,,,,,,,,,,,,,,
13,,,,,15,Streets of Rage 3,Beat Yamato Boss (Easy),13_15,,,,,,,,,,,,,,,,,,,,,,,,,,,,,,,,,,,,,,,,,,
13,,,,,16,3 Ninjas Kick Back,Beat the Game (Easy),13_16,,,,,,,,,,,,,,,,,,,,,,,,,,,,,,,,,,,,,,,,,,
14,Sega 8 #3,11/12/2022,https://racetime.gg/misc/silly-boo-6311,https://www.youtube.com/watch?v=IknuPKBEf7w,1,Sonic the Hedgehog 3,Beat the Game,14_1,Shimegabriel,2:05:11,GnarBlast,2:21:31,JaekRock,2:46:41,sauloandrade_,3:34:43,radioactive_man_from_mars,3:47:20,Random64,4:55:20,FeRReTDiPiTY,9:31:00,FedePG,DNF,infinitemystery,DNF,,,,,,,,,,,,,,,,,,,,,,,,
14,,,,,2,Wonder Boy III: Monster Lair,"Score Attack: 100,000 - Beginner",14_2,,,,,,,,,,,,,,,,,,,,,,,,,,,,,,,,,,,,,,,,,,
14,,,,,3,Columns III: Revenge of Columns,Beat Skeleton - Normal,14_3,,,,,,,,,,,,,,,,,,,,,,,,,,,,,,,,,,,,,,,,,,
14,,,,,4,Splatterhouse 3,Beat Stage 3 - Easy,14_4,,,,,,,,,,,,,,,,,,,,,,,,,,,,,,,,,,,,,,,,,,
14,,,,,5,Tecmo Super Bowl III: Final Edition,Beat Pro Bowl,14_5,,,,,,,,,,,,,,,,,,,,,,,,,,,,,,,,,,,,,,,,,,
14,,,,,6,Valis III,Speak to Ice World Man,14_6,,,,,,,,,,,,,,,,,,,,,,,,,,,,,,,,,,,,,,,,,,
14,,,,,7,Phantasy Star III,Meet Lyle),14_7,,,,,,,,,,,,,,,,,,,,,,,,,,,,,,,,,,,,,,,,,,
14,,,,,8,Shinobi III: Return of the Ninja Master,Beat the Game,14_8,,,,,,,,,,,,,,,,,,,,,,,,,,,,,,,,,,,,,,,,,,
15,Master 8 #3,4/8/2023,https://racetime.gg/misc/swag-meowth-1242,https://www.youtube.com/watch?v=IhKB4F9eDUg,1,Double Dragon,Beat Mission 3,15_1,Quarbit85,1:29:06,The8bitBeast,1:32:08,GnarBlast,1:33:17,arnaud33200,1:38:21,GrandCoune,1:45:18,buhender,1:49:13,Emsemts,1:52:46,Random64,5:25:38,FedePG,7:05:32,BrotherKyle88,7:18:32,,,,,,,,,,,,,,,,,,,,,,
15,,,,,2,Rastan,Beat Green Dragon Boss,15_2,,,,,,,,,,,,,,,,,,,,,,,,,,,,,,,,,,,,,,,,,,
15,,,,,3,Mercs,Beat the Game,15_3,,,,,,,,,,,,,,,,,,,,,,,,,,,,,,,,,,,,,,,,,,
15,,,,,4,Asterix,Beat 4-3,15_4,,,,,,,,,,,,,,,,,,,,,,,,,,,,,,,,,,,,,,,,,,
15,,,,,5,Rampage,"Score Attack: 75,000 Points",15_5,,,,,,,,,,,,,,,,,,,,,,,,,,,,,,,,,,,,,,,,,,
15,,,,,6,Taz-Mania,Beat the Game,15_6,,,,,,,,,,,,,,,,,,,,,,,,,,,,,,,,,,,,,,,,,,
15,,,,,7,Bonanza Bros,Loot the Library,15_7,,,,,,,,,,,,,,,,,,,,,,,,,,,,,,,,,,,,,,,,,,
15,,,,,8,Ghouls n' Ghosts,Beat Loop 1,15_8,,,,,,,,,,,,,,,,,,,,,,,,,,,,,,,,,,,,,,,,,,
16,Sega 8 #4,10/14/2023,https://racetime.gg/misc/proud-wiggler-7221,https://www.youtube.com/watch?v=vTPIC2a7pLk,1,Golden Axe,Beat the Game - Arcade Mode,16_1,Shimegabriel,1:26:18,chill_runs,1:28:40,GnarBlast,1:29:34,StJoe,1:31:29,Quarbit85,1:33:01,ZeeGee_,1:33:49,beadle111,1:34:59,Paulsaltine,1:37:14,dshana__,1:38:00,tHiAgOcH,1:39:35,Reeve42,1:40:01,Svipur,1:42:41,JFred99,1:49:36,Emsemts,1:59:11,Bradyo,2:01:55,ThumbBros,2:03:08,GoldenOgreGames,2:19:50,zendoikaban,2:24:00,FedePG,8:24:26,Random64,13:22:32,buhender,13:40:28
16,,,,,2,Kid Chameleon,Beat Sinister Sewers,16_2,,,,,,,,,,,,,,,,,,,,,,,,,,,,,,,,,,,,,,,,,,
16,,,,,3,Rocket Knight Adventures,Beat Stage 3 - Easy,16_3,,,,,,,,,,,,,,,,,,,,,,,,,,,,,,,,,,,,,,,,,,
16,,,,,4,OutRun,Beat the Game,16_4,,,,,,,,,,,,,,,,,,,,,,,,,,,,,,,,,,,,,,,,,,
16,,,,,5,Gain Ground,Beat Round 2 - Easy,16_5,,,,,,,,,,,,,,,,,,,,,,,,,,,,,,,,,,,,,,,,,,
16,,,,,6,Beyond Oasis,Find Eifreet,16_6,,,,,,,,,,,,,,,,,,,,,,,,,,,,,,,,,,,,,,,,,,
16,,,,,7,Mega Man: The Wily Wars - Mega Man 3,Beat Robot Masters,16_7,,,,,,,,,,,,,,,,,,,,,,,,,,,,,,,,,,,,,,,,,,
16,,,,,8,Shadow Dancer,Beat the Game,16_8,,,,,,,,,,,,,,,,,,,,,,,,,,,,,,,,,,,,,,,,,,
17,5G Game Gear #3,12/16/2023,https://racetime.gg/misc/dynamax-ezlo-7093,https://www.youtube.com/watch?v=9zXLqcKjt68,1,Tempo Jr.,Beat the Game,17_1,Reddylion,1:10:44,GnarBlast,1:13:10,squilibob,1:16:35,JFred99,1:32:15,arnaud33200,1:42:12,FedePG,4:39:26,Random64,5:25:18,,,,,,,,,,,,,,,,,,,,,,,,,,,,
17,,,,,2,Master of Darkness,Beat Stage 3-3,17_2,,,,,,,,,,,,,,,,,,,,,,,,,,,,,,,,,,,,,,,,,,
17,,,,,3,Baku Baku Animal,Beat the Game,17_3,,,,,,,,,,,,,,,,,,,,,,,,,,,,,,,,,,,,,,,,,,
17,,,,,4,Sylvan Tale,Comb%,17_4,,,,,,,,,,,,,,,,,,,,,,,,,,,,,,,,,,,,,,,,,,
17,,,,,5,Legend of Illusion Starring Mickey Mouse,Beat the Game,17_5,,,,,,,,,,,,,,,,,,,,,,,,,,,,,,,,,,,,,,,,,,
18,Master 8 #4,4/13/2024,https://racetime.gg/misc/legendary-battletoad-1092,https://www.youtube.com/watch?v=1Pw0e2gqVuA,1,Earthworm Jim,Beat the Game,18_1,Quarbit85,1:30:05,GnarBlast,1:30:15,Paulsaltine,1:36:13,JFred99,1:40:24,arnaud33200,1:45:14,Random64,DNF,,,,,,,,,,,,,,,,,,,,,,,,,,,,,,
18,,,,,2,Ecco the Dolphin,Beat Open Ocean,18_2,,,,,,,,,,,,,,,,,,,,,,,,,,,,,,,,,,,,,,,,,,
18,,,,,3,Mortal Kombat,Beat Enduro 1 - Hard Mode,18_3,,,,,,,,,,,,,,,,,,,,,,,,,,,,,,,,,,,,,,,,,,
18,,,,,4,Michael Jackson's Moonwalker,Beat Hideout,18_4,,,,,,,,,,,,,,,,,,,,,,,,,,,,,,,,,,,,,,,,,,
18,,,,,5,Sonic Spinball,Defeat Toxic Pools Boss,18_5,,,,,,,,,,,,,,,,,,,,,,,,,,,,,,,,,,,,,,,,,,
18,,,,,6,Wonder Boy in Monster World,Get Mermaid Pendant,18_6,,,,,,,,,,,,,,,,,,,,,,,,,,,,,,,,,,,,,,,,,,
18,,,,,7,Streets of Rage 2,Reach Basement,18_7,,,,,,,,,,,,,,,,,,,,,,,,,,,,,,,,,,,,,,,,,,
18,,,,,8,Dynamite Headdy,Beat the Game,18_8,,,,,,,,,,,,,,,,,,,,,,,,,,,,,,,,,,,,,,,,,,
19,Sega 8 #5,10/26/2024,https://racetime.gg/misc/quick-brock-8864,https://www.youtube.com/watch?v=e1erjenIE8c,1,Contra: Hard Corps,Hidden Ending,19_1,zendoikaban,1:34:09,Quarbit85,1:35:49,ZeeGee_,1:39:23,ReddyLion,1:40:54,jodosutari,1:45:43,Svipur,1:47:05,Grayskull83,1:48:37,Emsemts,1:53:34,Bradyo,2:00:37,GnarBlast,2:03:18,mackiegarou,2:09:07,hydrapower78,2:10:28,z_tox,2:27:17,Cacheline,3:28:04,,,,,,,,,,,,,,
19,,,,,2,Streets of Rage 2,Exit Pirate Bar,19_2,,,,,,,,,,,,,,,,,,,,,,,,,,,,,,,,,,,,,,,,,,
19,,,,,3,Ristar,Defeat Adahan Falls,19_3,,,,,,,,,,,,,,,,,,,,,,,,,,,,,,,,,,,,,,,,,,
19,,,,,4,Castlevania: Bloodlines,Beat Stage 4 (Easy),19_4,,,,,,,,,,,,,,,,,,,,,,,,,,,,,,,,,,,,,,,,,,
19,,,,,5,ToeJam & Earl,Collect 3 Ship Pieces - Earl Only,19_5,,,,,,,,,,,,,,,,,,,,,,,,,,,,,,,,,,,,,,,,,,
19,,,,,6,Mega Man: The Wily Wars (Mega Man & Mega Man 2),"Any 2 Robot Masters from MM1, Any 2 Robot Masters from MM2",19_6,,,,,,,,,,,,,,,,,,,,,,,,,,,,,,,,,,,,,,,,,,
19,,,,,7,Xenocrisis,Defeat Cthulhu Boss (Easy),19_7,,,,,,,,,,,,,,,,,,,,,,,,,,,,,,,,,,,,,,,,,,
19,,,,,8,World of Illusion: Starring Mickey Mouse and Donald Duck,Beat the Game - Donald Only,19_8,,,,,,,,,,,,,,,,,,,,,,,,,,,,,,,,,,,,,,,,,,
20,Master 8 #5,4/26/2025,https://racetime.gg/misc/tactical-ezlo-7832,https://www.youtube.com/watch?v=luAtmGStAo4,1,Kung Fu Kid,Beat the Game,20_1,ReddyLion,1:26:29,Quarbit85,1:28:32,petaQ_src,1:32:55,jodosutari,1:40:33,GnarBlast,1:40:51,GoldenOgreGames,1:42:58,JkL0ser,1:44:34,arnaud33200,1:52:46,emsemts,2:06:34,FedePG,9:50:07,MsGroke,19:59:44,Random64,DNF,Vriaeliss,DNF,ZeeGee_,DNF,,,,,,,,,,,,,,
20,,,,,2A,Basketball Nightmare,Score 100 Points,20_2A,,,,,,,,,,,,,,,,,,,,,,,,,,,,,,,,,,,,,,,,,,
20,,,,,2B,Basketball Nightmare,Win 2 Games,20_2B,,,,,,,,,,,,,,,,,,,,,,,,,,,,,,,,,,,,,,,,,,
20,,,,,3A,Golvellius: Valley of Doom,Buy Valley Sword,20_3A,,,,,,,,,,,,,,,,,,,,,,,,,,,,,,,,,,,,,,,,,,
20,,,,,3B,Golvellius: Valley of Doom,Defeat Bachular,20_3B,,,,,,,,,,,,,,,,,,,,,,,,,,,,,,,,,,,,,,,,,,
20,,,,,4,Land of Illusion Starring Mickey Mouse,Beat Good Princess Castle,20_4,,,,,,,,,,,,,,,,,,,,,,,,,,,,,,,,,,,,,,,,,,
20,,,,,5A,Special Criminal Investigations,Beat Stage 3,20_5A,,,,,,,,,,,,,,,,,,,,,,,,,,,,,,,,,,,,,,,,,,
20,,,,,5B,Special Criminal Investigations,Beat Stage 5,20_5B,,,,,,,,,,,,,,,,,,,,,,,,,,,,,,,,,,,,,,,,,,
20,,,,,6A,Final Bubble Bobble,Beat Stage 25 (No Umbrella Warp),20_6A,,,,,,,,,,,,,,,,,,,,,,,,,,,,,,,,,,,,,,,,,,
20,,,,,6B,Final Bubble Bobble,Beat Stage 13 (No Umbrella Warp),20_6B,,,,,,,,,,,,,,,,,,,,,,,,,,,,,,,,,,,,,,,,,,
20,,,,,7,Fantasy Zone II: The Tears of Opa-Opa,Beat Stage 5,20_7,,,,,,,,,,,,,,,,,,,,,,,,,,,,,,,,,,,,,,,,,,
20,,,,,8,Kenseiden,All Bosses,20_8,,,,,,,,,,,,,,,,,,,,,,,,,,,,,,,,,,,,,,,,,,
21,Sega 8 #6,11/22/2025,https://racetime.gg/misc/brave-banjo-1577,https://www.youtube.com/watch?v=LVexyv7RFBU,1,Dinosaurs For Hire,Beat Hollywood,21_1,chill_runs,1:32:58,zendoikaban,1:33:57,ZeeGee_,1:34:23,jodosutari,1:41:59,Svipur,1:44:57,WillWagnerMusic,1:45:42,Grayskull83,1:54:49,ReddyLion,1:56:49,SamuraiTX90,2:03:33,GoldenOgreGames,2:06:48,Bradyo,2:19:42,Random64,3:47:01,MsGroke,4:37:03,arnaud33200,4:46:57,FedePG,5:23:44,GnarBlast,DNF,,,,,,,,,,
21,,,,,2,Mega Bomberman,Beat World 1,21_2,,,,,,,,,,,,,,,,,,,,,,,,,,,,,,,,,,,,,,,,,,
21,,,,,3,Dashin' Desperados,Beat World 2 (Beginner),21_3,,,,,,,,,,,,,,,,,,,,,,,,,,,,,,,,,,,,,,,,,,
21,,,,,4,Batman: The Video Game,(Beat the Game),21_4,,,,,,,,,,,,,,,,,,,,,,,,,,,,,,,,,,,,,,,,,,
21,,,,,5,Arnold Palmer Tournament Golf,Complete Hole 18,21_5,,,,,,,,,,,,,,,,,,,,,,,,,,,,,,,,,,,,,,,,,,
21,,,,,6,Valis: The Fantasm Soldier,Beat Stage 5,21_6,,,,,,,,,,,,,,,,,,,,,,,,,,,,,,,,,,,,,,,,,,
21,,,,,7,Teenage Mutant Ninja Turtles: The Hyperstone Heist,Beat Scene 3 (Easy),21_7,,,,,,,,,,,,,,,,,,,,,,,,,,,,,,,,,,,,,,,,,,
21,,,,,8,Magical Taruruuto-Kun,Beat the Game,21_8,,,,,,,,,,,,,,,,,,,,,,,,,,,,,,,,,,,,,,,,,,
22,Saturn8lia,1/31/2026,https://racetime.gg/misc/wild-tetra-3266,https://www.youtube.com/watch?v=5JrKU-_tPPQ,1,Mega Man X4,Beat any 3 Mavericks,22_1,Quarbit85,1:40:54,jodosutari,1:53:39,MsGroke,2:26:07,Random64,7:09:25,FedePG,7:15:09,,,,,,,,,,,,,,,,,,,,,,,,,,,,,,,,
22,,,,,2,Sonic Jam,Sonic World (All Missions),22_2,,,,,,,,,,,,,,,,,,,,,,,,,,,,,,,,,,,,,,,,,,
22,,,,,3,Cotton 2: Magical Night Dreams,Beat Stage 3 (Saturn Mode),22_3,,,,,,,,,,,,,,,,,,,,,,,,,,,,,,,,,,,,,,,,,,
22,,,,,4,Guardian Heroes,Beat Any 4 Stages,22_4,,,,,,,,,,,,,,,,,,,,,,,,,,,,,,,,,,,,,,,,,,
22,,,,,5,Sega Rally Championship,Arcade Mode (Easy) - 3 Laps,22_5,,,,,,,,,,,,,,,,,,,,,,,,,,,,,,,,,,,,,,,,,,
22,,,,,6,Linkle Liver Story,Beat Red Eye,22_6,,,,,,,,,,,,,,,,,,,,,,,,,,,,,,,,,,,,,,,,,,
22,,,,,7,Metal Slug,Complete Mission 5 (Arcade Mode Easy),22_7,,,,,,,,,,,,,,,,,,,,,,,,,,,,,,,,,,,,,,,,,,
22,,,,,8,Clockwork Knight,Beat the Game,22_8,,,,,,,,,,,,,,,,,,,,,,,,,,,,,,,,,,,,,,,,,,
23,Master 8 #6,4/11/2026,https://racetime.gg/misc/magic-rayman-5726,,1,Alex Kidd in Shinobi World,Beat the Game,23_1,Quarbit85,1:25:51,petaQ_src,1:31:53,Patton_Plays,1:31:58,arnaud33200,1:42:47,GoldenOgreGames,2:01:51,emsemts,2:06:52,Sacrieon,2:12:01,McGroke,2:32:18,,,,,,,,,,,,,,,,,,,,,,,,,,
23,,,,,2,Kenseiden,Beat Any 4 Bosses,23_2,,,,,,,,,,,,,,,,,,,,,,,,,,,,,,,,,,,,,,,,,,
23,,,,,3,Rastan,Beat Round 4,23_3,,,,,,,,,,,,,,,,,,,,,,,,,,,,,,,,,,,,,,,,,,
23,,,,,4,Master of Darkness,Beat Round 3 (No Death Glitch),23_4,,,,,,,,,,,,,,,,,,,,,,,,,,,,,,,,,,,,,,,,,,
23,,,,,5,Wonder Boy III: The Dragon's Trap,Purchase Shogun Blade,23_5,,,,,,,,,,,,,,,,,,,,,,,,,,,,,,,,,,,,,,,,,,
23,,,,,6,Ninja Gaiden,Beat Chapter 5,23_6,,,,,,,,,,,,,,,,,,,,,,,,,,,,,,,,,,,,,,,,,,
23,,,,,7,Asterix,Beat Round 3-3,23_7,,,,,,,,,,,,,,,,,,,,,,,,,,,,,,,,,,,,,,,,,,
23,,,,,8,Castle of Illusion Starring Mickey Mouse,Beat the Game,23_8,,,,,,,,,,,,,,,,,,,,,,,,,,,,,,,,,,,,,,,,,,
